ID,W,G,R,AB,H,1B,2B,3B,HR,BB,SO,SB,CS,HBP,BBHBP,SF,Outs,Outsinplay,RA,BA,OBA,SLG,OPS
1,60,162,558,5336,1280,891,247,31,111,460,840,144,80,0,460,0,4056,3216,740,0.23988006,0.300207039,0.360194903,0.660401942
3,86,161,677,5620,1492,1147,216,46,83,531,752,172,62,0,531,0,4128,3376,643,0.265480427,0.328889611,0.364590747,0.693480359
5,79,162,679,5550,1496,1088,262,63,83,543,879,207,89,0,543,0,4054,3175,710,0.26954955,0.334646315,0.384324324,0.71897064
7,96,162,780,5536,1458,990,265,40,163,561,933,129,39,0,561,0,4078,3145,682,0.263367052,0.331146465,0.414017341,0.745163807
9,96,162,688,5441,1354,905,247,21,181,542,1384,64,31,55,597,35,4087,2703,548,0.248851314,0.321258027,0.401764382,0.723022409
11,95,162,783,5497,1465,932,300,35,198,616,961,74,21,65,681,52,4032,3071,616,0.266509005,0.344462279,0.441877388,0.786339667
13,83,162,861,5677,1562,969,328,21,244,526,1026,89,34,60,586,34,4115,3089,908,0.275145323,0.341114817,0.469261934,0.810376751
15,75,163,761,5643,1498,1114,222,39,123,600,815,126,77,0,600,0,4145,3330,766,0.265461634,0.336056383,0.384015595,0.720071978
17,71,162,642,5546,1381,1000,218,29,134,476,979,51,47,0,476,0,4165,3186,717,0.249008294,0.308369313,0.371258565,0.679627877
19,61,162,679,5503,1386,966,239,28,153,443,1046,92,41,0,443,0,4117,3071,772,0.25186262,0.307601749,0.388878793,0.696480542
21,92,162,789,5592,1530,1038,283,53,156,508,831,93,53,0,508,0,4062,3231,679,0.27360515,0.334098361,0.4268598,0.76095816
23,79,162,687,5369,1324,946,206,30,142,619,990,140,78,0,619,0,4045,3055,697,0.246600857,0.324482298,0.375488918,0.699971216
25,83,162,670,5450,1353,969,227,44,113,550,1023,121,78,0,550,0,4097,3074,626,0.248256881,0.317166667,0.368256881,0.685423547
27,100,162,805,5585,1523,1080,258,29,156,587,766,111,38,0,587,0,4062,3296,640,0.272694718,0.341866494,0.413070725,0.754937219
29,76,162,752,5560,1413,940,279,37,157,602,1177,131,53,46,648,43,4147,2970,815,0.254136691,0.329707247,0.402338129,0.732045376
31,83,162,666,5517,1469,1066,249,38,116,452,760,209,102,0,452,0,4048,3288,646,0.266267899,0.321829452,0.388254486,0.710083938
33,71,162,723,5602,1521,1025,283,45,168,384,1038,66,28,53,437,52,4081,3043,787,0.271510175,0.321457889,0.428061407,0.749519295
35,68,162,718,5559,1473,943,320,47,163,438,939,70,51,0,438,0,4086,3147,853,0.264975715,0.31865933,0.427415003,0.746074332
37,95,162,733,5388,1395,927,288,42,138,582,914,137,52,0,582,0,3993,3079,619,0.258908686,0.331155779,0.404788419,0.735944198
39,81,162,707,5473,1415,1022,235,32,126,455,791,165,62,0,455,0,4058,3267,679,0.258541933,0.315452092,0.382240088,0.697692179
41,89,162,705,5485,1423,996,243,36,148,647,827,89,48,0,647,0,4062,3235,656,0.259434822,0.337573386,0.397812215,0.735385601
43,100,144,840,5028,1461,952,279,23,207,542,766,132,53,0,542,0,3567,2801,607,0.290572792,0.359605027,0.478719173,0.8383242
45,75,162,667,5477,1343,917,238,47,141,527,1095,122,51,0,527,0,4134,3039,673,0.24520723,0.311459027,0.383056418,0.694515445
47,67,162,680,5573,1445,976,292,38,139,471,1092,73,30,72,543,49,4128,3036,769,0.259285842,0.322465531,0.400143549,0.72260908
49,81,162,632,5482,1353,956,267,30,100,572,958,160,70,0,572,0,4129,3171,630,0.246807734,0.317971589,0.36118205,0.679153639
51,87,162,673,5499,1393,1017,213,30,133,607,915,130,56,0,607,0,4106,3191,687,0.253318785,0.327546675,0.375522822,0.703069498
53,98,162,812,5584,1498,1016,264,22,196,586,952,63,26,0,586,0,4086,3134,681,0.268266476,0.337763371,0.428724928,0.7664883
55,69,162,748,5615,1516,1026,325,49,116,556,1021,90,45,35,591,51,4099,3078,880,0.269991095,0.336742848,0.40730187,0.744044718
57,51,162,610,5457,1307,877,266,16,148,426,1535,110,61,52,478,38,4150,2615,848,0.239508888,0.298844802,0.375481034,0.674325835
59,76,162,651,5422,1339,903,272,43,121,539,1238,155,46,54,593,34,4083,2845,710,0.246956842,0.319391635,0.379933604,0.699325239
61,97,162,809,5714,1633,1193,266,59,115,508,709,185,43,0,508,0,4081,3372,694,0.285789289,0.344101575,0.413370669,0.757472244
63,70,161,714,5483,1416,947,278,46,145,469,944,132,42,55,524,56,4067,3123,842,0.258252781,0.31997361,0.405070217,0.725043827
65,88,162,726,5476,1467,986,279,39,163,511,1103,59,23,57,568,39,4009,2906,670,0.267896275,0.334538879,0.422388605,0.756927484
67,79,162,901,5728,1619,1014,376,35,194,595,1207,81,25,63,658,54,4109,2902,967,0.282646648,0.353571429,0.462115922,0.81568735
69,53,115,547,3978,1045,687,238,21,99,417,680,59,37,0,417,0,2933,2253,586,0.262694822,0.332650739,0.407742584,0.740393324
71,80,162,702,5475,1390,922,248,51,169,587,1109,111,49,0,587,0,4085,2976,749,0.253881279,0.32612999,0.410410959,0.736540949
73,79,162,859,5572,1499,971,263,21,244,610,1095,130,45,0,610,0,4073,2978,905,0.26902369,0.341151731,0.455132807,0.796284538
75,72,162,693,5441,1341,882,249,20,190,532,1149,78,45,52,584,35,4100,2951,839,0.246462047,0.317656766,0.404337438,0.721994204
77,87,162,772,5572,1493,1013,296,25,159,568,1226,75,35,63,631,39,4079,2853,766,0.267946877,0.340275553,0.415649677,0.75592523
79,90,162,875,5710,1600,1010,352,35,203,578,1108,102,42,50,628,50,4110,3002,737,0.280210158,0.348778961,0.460770578,0.809549538
81,96,162,891,5710,1636,1127,325,23,161,676,954,99,58,0,676,0,4074,3120,688,0.286514886,0.362041967,0.436077058,0.798119025
83,84,162,749,5503,1441,951,291,32,167,589,1120,71,27,59,648,37,4062,2942,695,0.261857169,0.337588882,0.417408686,0.754997568
85,90,162,660,5460,1418,994,281,44,99,563,888,125,65,0,563,0,4042,3154,609,0.25970696,0.328905861,0.381684982,0.710590843
87,75,162,816,5555,1460,947,298,36,179,503,1224,88,25,56,559,42,4095,2871,844,0.262826283,0.32797271,0.42610261,0.75407532
89,101,162,791,5528,1490,1011,268,37,174,597,1160,108,58,0,597,0,4038,2878,581,0.269536903,0.340734694,0.425832127,0.766566821
91,78,161,637,5508,1401,986,255,50,110,537,1016,193,95,0,537,0,4107,3091,688,0.254357298,0.320595533,0.378721859,0.699317393
93,66,160,669,5422,1389,1015,220,28,126,490,818,98,50,0,490,0,4033,3215,763,0.256178532,0.317828146,0.376798229,0.694626376
95,87,162,758,5661,1560,1123,275,32,130,534,673,62,38,0,534,0,4101,3428,679,0.275569687,0.338014528,0.404345522,0.74236005
97,86,162,735,5539,1459,990,300,20,149,602,1064,58,26,52,654,47,4080,3016,641,0.263404947,0.338621795,0.405488355,0.74411015
99,70,160,680,5499,1409,969,258,27,155,508,966,132,62,0,508,0,4090,3124,781,0.256228405,0.319127684,0.397526823,0.716654507
101,46,103,407,3576,920,659,176,30,55,278,494,122,52,0,278,0,2656,2162,425,0.257270694,0.310845874,0.369407159,0.680253033
103,73,162,735,5544,1429,952,274,40,163,555,1201,118,42,57,612,44,4115,2914,774,0.257756133,0.329193548,0.40981241,0.739005958
105,79,162,735,5612,1438,972,264,19,183,535,1250,97,50,63,598,40,4174,2924,720,0.256236636,0.32576,0.40787598,0.73363598
107,96,162,855,5659,1599,1047,310,32,210,475,930,143,45,39,514,49,4060,3130,677,0.282558756,0.339601414,0.459975261,0.799576675
109,85,162,574,5458,1328,919,260,25,124,407,985,80,36,72,479,28,4130,3145,556,0.243312569,0.30293378,0.368266764,0.671200545
111,66,162,602,5498,1307,820,297,18,172,439,1230,63,32,67,506,30,4191,2961,689,0.237722808,0.300464037,0.392142597,0.692606634
113,86,162,791,5543,1448,930,325,27,166,651,1155,72,29,55,706,38,4095,2940,697,0.261230381,0.342611739,0.419447952,0.762059691
115,79,162,629,5472,1306,887,275,19,125,516,1264,101,34,54,570,44,4166,2902,618,0.238669591,0.308248439,0.364400585,0.672649024
117,71,161,634,5393,1423,1055,221,41,106,409,625,83,68,0,409,0,3970,3345,731,0.26386056,0.315753189,0.379009828,0.694763016
119,55,161,673,5604,1418,953,297,35,133,456,1115,102,45,58,514,36,4186,3071,918,0.253033547,0.313942151,0.389721627,0.703663779
121,74,162,707,5541,1439,1004,266,17,152,532,1039,81,59,0,532,0,4102,3063,812,0.259700415,0.324551293,0.396137881,0.720689174
123,88,162,752,5484,1467,1006,263,21,177,467,922,160,74,79,546,38,4017,3095,704,0.26750547,0.331740277,0.419948942,0.751689219
125,82,162,642,5459,1361,923,273,18,147,545,1062,66,48,65,610,35,4098,3036,713,0.249313061,0.322903014,0.386700861,0.709603875
127,80,163,861,5585,1516,989,291,38,198,551,916,127,46,0,551,0,4069,3153,931,0.271441361,0.336864407,0.4435094,0.780373807
129,77,162,793,5567,1480,1017,253,23,187,594,1030,167,68,0,594,0,4087,3057,787,0.265852344,0.336633663,0.420334112,0.756967775
131,67,161,634,5483,1358,896,295,32,135,540,1312,138,40,68,608,40,4125,2813,757,0.247674631,0.320665471,0.387014408,0.707679879
133,85,163,736,5470,1386,956,247,37,146,471,843,108,56,0,471,0,4084,3241,720,0.253382084,0.312573641,0.39213894,0.70471258
135,81,162,680,5530,1405,968,263,60,114,515,839,187,72,0,515,0,4125,3286,650,0.254068716,0.317617866,0.38517179,0.702789656
137,101,162,770,5528,1505,1091,259,45,110,542,793,127,70,0,542,0,4023,3230,557,0.272250362,0.33723229,0.395079595,0.732311885
139,64,162,587,5410,1319,974,227,30,88,529,887,98,81,0,529,0,4091,3204,663,0.243807763,0.311163496,0.345656192,0.656819688
141,67,143,673,4886,1278,891,214,29,144,517,916,131,53,0,517,0,3608,2692,673,0.261563651,0.332222839,0.405648792,0.737871632
143,89,163,845,5628,1540,1061,292,26,161,678,1040,102,51,0,678,0,4088,3048,739,0.273631841,0.351728513,0.420575693,0.772304205
145,69,163,650,5493,1395,982,271,35,107,393,1060,159,51,0,393,0,4098,3038,718,0.253959585,0.303771662,0.374476607,0.678248268
147,86,162,656,5436,1365,918,259,27,161,464,1192,88,28,40,504,39,4071,2879,626,0.251103753,0.312594079,0.397534952,0.710129031
149,81,162,738,5625,1521,1117,240,44,120,598,954,87,46,0,598,0,4104,3150,692,0.2704,0.340511008,0.392711111,0.733222119
151,97,159,730,5555,1496,1109,231,36,120,470,616,163,65,0,470,0,4059,3443,575,0.269306931,0.326307054,0.388658866,0.71496592
153,80,162,686,5496,1451,989,319,29,114,508,871,73,38,0,508,0,4045,3174,698,0.264010189,0.326282478,0.394832606,0.721115084
155,79,162,817,5565,1520,992,303,11,214,593,903,86,48,0,593,0,4045,3142,785,0.273135669,0.343130887,0.44690027,0.790031156
157,89,162,613,5364,1331,933,240,41,117,554,814,87,54,0,554,0,4033,3219,594,0.24813572,0.31851977,0.37360179,0.69212156
159,72,162,579,5364,1306,996,202,20,88,416,882,160,101,0,416,0,4058,3176,671,0.243475019,0.297923875,0.337807606,0.635731482
161,66,162,682,5650,1499,1132,229,26,112,528,980,126,76,0,528,0,4151,3171,807,0.265309735,0.328099709,0.374513274,0.702612983
163,96,162,768,5497,1398,881,317,24,176,556,898,48,14,59,615,53,4099,3201,643,0.254320538,0.326520681,0.416772785,0.743293466
165,66,162,613,5554,1440,1022,264,21,133,424,1056,76,34,54,478,45,4114,3058,785,0.259272596,0.315616258,0.386208138,0.701824396
167,88,162,759,5502,1468,1014,281,31,142,495,1089,149,58,0,495,0,4034,2945,706,0.266812068,0.327330332,0.406579426,0.733909757
169,69,161,747,5428,1401,941,284,24,152,641,834,135,68,0,641,0,4027,3193,829,0.258106116,0.336463997,0.403279293,0.73974329
171,77,163,639,5610,1429,1048,242,33,106,442,767,119,60,0,442,0,4181,3414,609,0.254723708,0.309153999,0.36631016,0.675464159
173,69,162,733,5525,1426,1036,240,25,125,555,932,138,93,0,555,0,4099,3167,792,0.258099548,0.325822368,0.378461538,0.704283907
175,75,162,713,5617,1482,1034,286,36,126,508,1080,97,45,0,508,0,4135,3055,808,0.263841908,0.324897959,0.394872708,0.719770667
177,85,162,748,5518,1409,941,228,29,211,461,1203,109,43,65,526,36,4109,2906,676,0.25534614,0.318256579,0.42189199,0.740148569
179,69,162,699,5507,1408,955,289,34,130,466,986,102,47,48,514,37,4099,3113,751,0.255674596,0.317266425,0.391320138,0.708586563
181,95,162,682,5502,1434,1051,226,28,129,539,846,136,58,0,539,0,4068,3222,579,0.260632497,0.326601556,0.382224646,0.708826202
183,95,161,807,5536,1552,1035,291,41,185,549,745,100,53,0,549,0,3984,3239,722,0.280346821,0.345275267,0.447976879,0.793252146
185,87,161,871,5556,1541,1017,294,25,205,631,1007,99,48,57,688,50,4015,3008,814,0.277357811,0.354146806,0.449964003,0.804110809
187,57,161,568,5436,1340,981,251,28,80,514,842,110,60,0,514,0,4096,3254,708,0.246504783,0.311596639,0.347130243,0.658726881
189,83,162,631,5594,1464,1064,262,44,94,495,996,208,118,0,495,0,4130,3134,604,0.261708974,0.321727706,0.374687165,0.696414871
191,84,162,883,5642,1580,1017,337,14,212,578,1077,119,48,0,578,0,4062,2985,862,0.280042538,0.346945338,0.457461893,0.804407231
193,94,162,718,5560,1476,1002,302,38,134,519,1246,138,50,61,580,43,4084,2838,617,0.265467626,0.332524664,0.405755396,0.73828006
195,85,162,669,5575,1411,962,284,23,142,504,1189,104,27,42,546,49,4164,2975,653,0.25309417,0.317179903,0.388699552,0.705879454
197,96,162,803,5570,1503,984,304,37,178,587,1158,86,32,59,646,48,4067,2909,668,0.26983842,0.34307152,0.433572711,0.776644231
199,78,162,760,5508,1499,1008,282,48,161,500,863,174,73,0,500,0,4009,3146,801,0.272149601,0.332723036,0.428467683,0.761190719
201,83,162,735,5479,1432,934,300,36,162,575,1104,118,64,46,621,42,4047,2943,718,0.261361562,0.334255943,0.417959482,0.752215424
203,67,162,639,5517,1425,999,255,46,125,443,862,85,67,0,443,0,4092,3230,765,0.25829255,0.313422819,0.389160776,0.702583595
205,71,162,746,5618,1515,1054,267,47,147,445,1069,97,48,0,445,0,4103,3034,779,0.269668921,0.323272307,0.41242435,0.735696658
207,96,162,773,5614,1514,1025,264,28,197,530,1032,83,43,0,530,0,4100,3068,648,0.269682936,0.332682292,0.431955825,0.764638116
209,68,161,782,5559,1486,962,322,30,172,533,990,81,37,42,575,48,4073,3083,869,0.267314265,0.333387253,0.42885411,0.762241364
211,71,162,684,5532,1376,882,289,20,185,512,1159,107,23,61,573,34,4156,2997,731,0.248734635,0.317478417,0.408532176,0.726010593
213,89,162,799,5606,1491,1007,274,38,172,619,1024,138,36,39,658,49,4115,3091,715,0.265965037,0.340408681,0.420442383,0.760851064
215,74,162,804,5490,1413,956,295,13,149,633,1122,131,47,0,633,0,4077,2955,866,0.257377049,0.334149927,0.39726776,0.731417686
217,89,162,642,5422,1360,993,215,32,120,552,1013,136,67,0,552,0,4062,3049,626,0.250829952,0.320053565,0.368683143,0.688736708
219,94,162,628,5431,1346,1005,217,25,99,437,947,131,46,0,437,0,4085,3138,544,0.247836494,0.303851397,0.351684773,0.65553617
221,79,162,714,5599,1431,1072,208,17,134,613,863,102,62,0,613,0,4168,3305,733,0.255581354,0.329040567,0.370601893,0.69964246
223,85,162,786,5508,1470,1002,287,24,157,655,930,73,54,0,655,0,4038,3108,745,0.266884532,0.344799611,0.413217139,0.758016749
225,89,162,738,5513,1472,1060,235,30,147,581,799,114,45,0,581,0,4041,3242,647,0.26700526,0.336888743,0.40050789,0.737396633
227,74,162,853,5518,1472,913,330,31,198,619,1134,63,37,52,671,38,4046,2912,892,0.26676332,0.344146459,0.44545125,0.789597709
229,71,163,743,5665,1516,1063,277,24,152,431,902,89,36,54,485,40,4149,3247,820,0.26760812,0.323263328,0.405472198,0.728735526
231,66,113,679,4022,1165,738,240,20,167,382,629,131,48,0,382,0,2857,2228,562,0.289656887,0.351271571,0.483838886,0.835110457
233,73,162,599,5461,1343,979,259,21,84,591,865,44,48,0,591,0,4118,3253,669,0.245925655,0.319563781,0.347189159,0.66675294
235,89,162,767,5536,1518,1036,273,22,187,449,1113,134,33,47,496,41,4018,2905,699,0.274205202,0.331631813,0.432803468,0.764435281
237,94,162,700,5425,1341,899,263,30,149,567,1289,101,32,34,601,46,4084,2795,600,0.24718894,0.319828722,0.389124424,0.708953146
239,49,112,569,3883,1045,663,211,18,153,372,652,48,21,0,372,0,2838,2186,616,0.269121813,0.333019976,0.450939995,0.783959971
241,83,162,722,5505,1421,935,279,32,175,486,1075,153,40,48,534,38,4084,3009,648,0.258128974,0.321704789,0.415803815,0.737508603
243,79,162,656,5465,1361,927,266,40,128,502,1095,130,44,46,548,57,4104,3009,652,0.249039341,0.314497529,0.382616651,0.69711418
245,92,162,803,5468,1458,941,294,36,187,590,999,89,30,61,651,52,4010,3011,698,0.266642282,0.341759844,0.436174104,0.777933948
247,83,162,770,5530,1452,955,270,54,173,585,1274,99,42,47,632,47,4078,2804,717,0.262567812,0.33564181,0.42477396,0.76041577
249,87,163,817,5608,1539,1056,271,40,172,585,1021,85,32,45,630,57,4069,3048,765,0.274429387,0.344559174,0.429029957,0.773589131
251,93,163,637,5566,1455,1082,231,67,75,540,755,194,74,0,540,0,4111,3356,589,0.261408552,0.326727809,0.367409271,0.694137079
253,74,162,766,5599,1451,937,302,35,177,529,1105,116,38,0,529,0,4148,3043,809,0.25915342,0.32310705,0.42043222,0.74353927
255,80,162,894,5662,1578,1056,304,40,178,624,986,101,48,0,624,0,4084,3098,899,0.278700106,0.350302259,0.440833628,0.791135887
257,89,162,664,5454,1417,1035,245,25,112,506,831,128,76,0,506,0,4037,3206,654,0.259809314,0.322651007,0.375504217,0.698155224
259,63,162,687,5472,1359,937,262,24,136,514,989,133,53,77,591,49,4113,3124,829,0.248355263,0.319044503,0.379568713,0.698613216
261,54,161,550,5358,1275,919,199,20,137,504,869,69,44,0,504,0,4083,3214,789,0.237961926,0.303480041,0.359275849,0.66275589
263,94,162,807,5486,1445,945,282,20,198,675,1037,66,46,45,720,51,4041,3004,738,0.26339774,0.346012466,0.43036821,0.776380676
265,98,162,949,5720,1613,993,373,25,222,659,1189,68,30,69,728,55,4107,2918,768,0.281993007,0.359987698,0.472377622,0.83236532
267,56,111,427,3766,941,691,161,26,63,386,543,89,50,0,386,0,2825,2282,414,0.249867233,0.31960501,0.35661179,0.676216799
269,74,162,595,5452,1340,1007,211,37,85,518,778,88,55,0,518,0,4112,3334,686,0.245781365,0.311222781,0.344827586,0.656050367
271,71,162,634,5551,1355,930,282,20,123,535,1337,63,25,68,603,52,4196,2859,715,0.244100162,0.315501128,0.368582237,0.684083365
273,80,162,690,5570,1448,1037,237,27,147,566,1000,69,43,0,566,0,4122,3122,706,0.259964093,0.328226858,0.391382406,0.719609264
275,105,162,855,5555,1544,987,319,24,214,548,1085,111,47,51,599,70,4011,2926,659,0.277947795,0.344312339,0.459585959,0.803898298
277,83,162,961,5590,1607,1052,297,37,221,527,1108,201,66,0,527,0,3983,2875,964,0.287477639,0.348863822,0.472450805,0.821314627
279,68,162,752,5533,1400,981,245,21,153,615,1189,113,53,0,615,0,4133,2944,862,0.253027291,0.327748861,0.38785469,0.715603551
281,83,162,753,5536,1434,901,344,24,165,533,1044,57,22,47,580,48,4102,3058,699,0.259031792,0.326735886,0.41925578,0.745991666
283,74,164,637,5539,1334,923,263,53,95,563,914,155,69,0,563,0,4205,3291,680,0.240837696,0.310881678,0.35890955,0.669791229
285,92,162,697,5488,1411,935,284,30,162,487,1099,55,32,50,537,41,4077,2978,583,0.257106414,0.321134191,0.408345481,0.729479672
287,86,162,758,5493,1399,902,264,27,206,519,1062,89,42,56,575,44,4094,3032,744,0.254687784,0.322971204,0.425086474,0.748057678
289,93,162,790,5609,1522,948,337,30,207,503,1093,62,36,54,557,50,4087,2994,642,0.271349617,0.334459459,0.452843644,0.787303104
291,86,162,714,5601,1520,1139,218,34,129,563,695,90,38,0,563,0,4081,3386,653,0.271380111,0.337929916,0.391537225,0.729467141
293,77,162,652,5475,1400,1023,228,38,111,537,952,83,73,0,537,0,4075,3123,705,0.255707763,0.322188955,0.372054795,0.69424375
295,90,162,747,5582,1544,1138,275,27,104,527,834,123,74,0,527,0,4038,3204,653,0.276603368,0.339008021,0.391436761,0.730444782
297,68,162,724,5569,1463,962,322,31,148,463,1135,68,30,71,534,51,4106,2971,846,0.262704256,0.324504387,0.41138445,0.735888837
299,83,162,750,5562,1549,1131,252,26,140,461,607,79,51,0,461,0,4013,3406,698,0.278496944,0.333720737,0.408665948,0.742386685
301,82,162,720,5409,1355,831,318,47,159,587,1287,58,23,49,636,43,4054,2767,706,0.250508412,0.327036794,0.414864115,0.741900909
303,85,162,771,5560,1514,984,328,38,164,495,1083,146,67,64,559,38,4046,2963,766,0.272302158,0.336689946,0.433453237,0.770143184
305,93,162,814,5450,1469,964,274,32,199,529,1089,91,35,65,594,50,3981,2892,684,0.269541284,0.338529701,0.441100917,0.779630619
307,85,161,993,5668,1625,1018,343,19,245,670,1052,90,39,0,670,0,4043,2991,895,0.286697248,0.362101609,0.483592096,0.845693705
309,67,162,738,5535,1475,952,310,35,178,476,1048,58,48,29,505,34,4060,3012,902,0.266485998,0.325979585,0.431616983,0.757596568
311,68,161,603,5446,1316,977,193,53,93,534,770,100,58,0,534,0,4130,3360,681,0.241645244,0.309364548,0.347778186,0.657142734
313,69,144,615,4950,1296,909,263,30,94,497,884,72,25,0,497,0,3654,2770,658,0.261818182,0.329172021,0.384040404,0.713212425
315,76,162,647,5472,1335,938,228,49,120,500,909,106,75,0,500,0,4137,3228,660,0.243969298,0.307267247,0.369334795,0.676602042
317,60,108,443,3591,883,628,146,28,81,368,498,138,40,0,368,0,2708,2210,394,0.245892509,0.315988886,0.369813422,0.685802309
319,87,162,691,5472,1417,1055,226,28,108,539,682,86,69,0,539,0,4055,3373,666,0.258954678,0.325403427,0.369700292,0.695103719
321,78,162,666,5505,1435,1038,235,28,134,416,866,97,50,0,416,0,4070,3204,731,0.260672116,0.312616112,0.386557675,0.699173787
323,89,162,789,5572,1512,1023,289,20,180,535,1015,118,39,80,615,39,4060,3045,727,0.271356784,0.341631866,0.427315147,0.768947014
325,85,162,899,5620,1546,1048,282,38,178,765,1122,104,63,0,765,0,4074,2952,837,0.275088968,0.361942052,0.433807829,0.795749881
327,66,161,570,5396,1326,1030,170,38,88,511,909,62,61,0,511,0,4070,3161,655,0.245737583,0.310986965,0.340252039,0.651239003
329,56,162,615,5598,1442,1010,309,28,95,401,1164,118,33,46,447,37,4156,2992,796,0.257591997,0.310588622,0.373704895,0.684293517
331,84,161,633,5429,1342,933,242,49,118,492,880,169,77,0,492,0,4087,3207,636,0.247191011,0.309744976,0.375023024,0.684768
333,74,162,605,5458,1408,1062,231,45,70,434,743,178,59,0,434,0,4050,3307,634,0.257969952,0.312627291,0.355258336,0.667885628
335,78,162,651,5526,1447,1034,262,45,106,415,749,118,81,0,415,0,4079,3330,701,0.261853058,0.31341525,0.383098082,0.696513332
337,71,162,593,5417,1284,904,247,42,91,501,1320,170,44,48,549,47,4133,2813,611,0.237031567,0.304839514,0.348532398,0.653371912
339,69,162,772,5586,1531,1085,272,29,145,544,1042,73,49,0,544,0,4055,3013,913,0.274078052,0.338499184,0.411027569,0.749526753
341,96,162,811,5604,1504,994,305,27,178,590,1202,72,41,80,670,59,4100,2898,704,0.268379729,0.343281225,0.427730193,0.771011418
343,68,162,699,5572,1413,933,296,26,158,466,1062,86,61,62,528,41,4159,3097,778,0.253589375,0.316072301,0.401112706,0.717185007
345,82,161,644,5436,1395,1013,237,28,117,498,1087,126,40,45,543,43,4041,2954,612,0.256622517,0.321819993,0.375091979,0.696911973
347,86,162,835,5510,1472,968,284,39,181,483,984,113,67,0,483,0,4038,3054,751,0.267150635,0.326213916,0.431397459,0.757611375
349,84,161,770,5499,1397,859,302,28,208,543,1371,76,28,69,612,46,4102,2731,767,0.25404619,0.326295274,0.432624113,0.758919387
351,91,162,771,5655,1499,1043,285,24,147,601,1014,109,55,0,601,0,4156,3142,682,0.265075155,0.335677749,0.401945181,0.737622931
353,75,161,690,5496,1409,989,238,22,160,486,1044,87,42,63,549,30,4087,3043,703,0.256368268,0.322304527,0.395014556,0.717319083
355,86,161,712,5451,1432,959,284,22,167,449,1051,114,52,52,501,41,4019,2968,743,0.262704091,0.322542967,0.414786278,0.737329245
357,84,162,652,5433,1369,1025,225,44,75,516,924,220,71,0,516,0,4064,3140,645,0.251978649,0.316859976,0.351003129,0.667863105
359,94,162,713,5527,1315,821,267,32,195,550,1387,122,32,45,595,34,4212,2825,614,0.237922924,0.310266407,0.403654786,0.713921192
361,77,160,554,5465,1313,966,241,17,89,507,885,81,54,0,507,0,4152,3267,536,0.240256176,0.304755526,0.339432754,0.64418828
363,72,161,680,5483,1428,980,267,39,142,415,1066,63,40,95,510,42,4055,2989,744,0.260441364,0.321126761,0.401057815,0.722184576
365,54,115,521,3927,1028,712,208,28,80,396,711,67,24,0,396,0,2899,2188,497,0.261777438,0.329400879,0.390119684,0.719520563
367,89,163,707,5516,1445,1031,256,45,113,537,852,156,43,0,537,0,4071,3219,670,0.261965192,0.327440938,0.386149384,0.713590322
369,94,162,634,5486,1345,876,273,35,161,469,1330,94,42,88,557,29,4141,2811,577,0.245169522,0.313241107,0.395734597,0.708975704
371,75,162,619,5494,1285,868,241,27,149,466,1259,104,35,30,496,35,4209,2950,651,0.233891518,0.29560166,0.368947943,0.664549603
373,85,162,829,5703,1539,1043,288,31,177,596,1039,102,50,0,596,0,4164,3125,814,0.269857969,0.338942689,0.424338068,0.763280757
375,59,103,464,3537,936,683,158,45,50,379,495,88,45,0,379,0,2601,2106,417,0.264631043,0.335801839,0.377155782,0.71295762
377,88,162,703,5433,1358,974,213,28,143,588,841,87,42,0,588,0,4075,3234,658,0.249953985,0.323202126,0.378428124,0.70163025
379,76,162,616,5555,1390,1071,213,26,80,568,809,87,45,0,568,0,4165,3356,652,0.250225023,0.319777887,0.341134113,0.660912
381,62,161,617,5361,1359,976,213,41,129,530,819,130,76,0,530,0,4002,3183,785,0.253497482,0.320658632,0.380712554,0.701371185
383,74,162,645,5452,1330,907,280,29,114,509,1094,117,43,50,559,57,4122,3028,679,0.243947175,0.311305208,0.368672047,0.679977255
385,78,162,813,5581,1457,927,305,38,187,522,1142,71,18,53,575,57,4124,2982,828,0.261064325,0.327056173,0.429851281,0.756907454
387,91,162,669,5545,1422,1032,208,37,145,429,1011,89,40,0,429,0,4123,3112,578,0.25644725,0.309842651,0.385752931,0.695595582
389,37,106,329,3521,797,576,137,23,61,284,556,66,57,0,284,0,2724,2168,466,0.226356149,0.284099869,0.330303891,0.61440376
391,75,162,707,5549,1482,1055,267,50,110,536,972,92,55,0,536,0,4067,3095,806,0.267075149,0.331635168,0.392683366,0.724318535
393,89,160,734,5421,1443,1027,226,40,150,509,590,65,46,0,509,0,3978,3388,672,0.26618705,0.329173693,0.405644715,0.734818408
395,74,162,689,5501,1419,978,250,27,164,488,1006,124,56,0,488,0,4082,3076,691,0.257953099,0.318417098,0.402654063,0.721071161
397,93,162,814,5532,1518,1038,268,26,186,613,760,55,53,0,613,0,4014,3254,670,0.274403471,0.346786005,0.433116414,0.779902418
399,75,162,601,5518,1346,1001,216,31,98,579,954,108,58,0,579,0,4172,3218,690,0.24392896,0.315729047,0.347589706,0.663318753
401,73,162,923,5690,1663,1065,324,61,213,511,1027,132,54,61,572,50,4027,3000,906,0.292267135,0.354087452,0.482952548,0.837040001
403,103,162,733,5433,1379,984,209,22,164,651,992,141,54,0,651,0,4054,3062,570,0.253819253,0.333662064,0.39094423,0.724606294
405,74,162,714,5604,1480,1041,228,45,166,452,764,60,46,0,452,0,4124,3360,751,0.264097074,0.319022457,0.409707352,0.728729809
407,75,161,655,5490,1400,1059,209,38,94,611,800,101,54,0,611,0,4090,3290,703,0.255009107,0.329618095,0.358287796,0.687905891
409,96,162,802,5439,1343,851,295,37,160,672,1292,172,47,57,729,57,4096,2804,649,0.24692039,0.332851406,0.40301526,0.735866666
411,75,161,809,5570,1461,966,274,27,194,613,1202,134,48,0,613,0,4109,2907,838,0.262298025,0.335435873,0.42567325,0.761109122
413,78,162,851,5781,1684,1094,373,32,185,514,1044,68,48,0,514,0,4097,3053,857,0.291299083,0.349166005,0.462895693,0.812061698
415,100,163,735,5583,1489,1098,228,38,125,505,695,98,42,0,505,0,4094,3399,582,0.26670249,0.327529566,0.388321691,0.715851257
417,98,162,769,5589,1484,1042,223,28,191,588,896,114,62,0,588,0,4105,3209,582,0.26552156,0.335437915,0.417963858,0.753401772
419,77,162,640,5474,1419,1035,251,26,107,596,749,105,51,0,596,0,4055,3306,680,0.259225429,0.331960461,0.373218853,0.705179314
421,84,162,777,5502,1427,940,314,40,133,633,1085,171,74,0,633,0,4075,2990,660,0.259360233,0.335778321,0.40348964,0.739267961
423,65,162,764,5589,1451,957,274,23,197,642,1181,71,36,0,642,0,4138,2957,946,0.259617105,0.335901139,0.422615853,0.758516992
425,72,162,753,5604,1514,1035,316,33,130,618,1023,58,27,42,660,34,4090,3067,778,0.270164168,0.345188949,0.407922912,0.753111861
427,72,162,640,5543,1452,1010,311,37,94,452,1044,108,46,48,500,44,4091,3047,759,0.261952012,0.320683424,0.382283962,0.702967385
429,98,162,731,5615,1468,948,301,25,194,479,1325,105,35,41,520,36,4147,2822,594,0.261442565,0.322152001,0.42760463,0.749756632
431,101,162,907,5670,1608,1021,321,31,235,545,933,68,22,49,594,49,4062,3129,740,0.283597884,0.348804055,0.475485009,0.824289064
433,83,161,818,5517,1451,981,234,22,214,604,908,69,43,0,604,0,4066,3158,764,0.263005256,0.335729456,0.429762552,0.765492008
435,83,162,718,5486,1447,992,275,32,148,499,968,96,43,58,557,40,4039,3071,700,0.263762304,0.329442709,0.406489245,0.735931955
437,81,162,805,5543,1455,923,339,22,171,560,1213,77,29,103,663,49,4088,2875,761,0.262493235,0.338609113,0.424138553,0.762747666
439,62,143,563,4779,1182,813,238,24,107,436,920,79,46,0,436,0,3597,2677,658,0.247332078,0.310258869,0.374346098,0.684604966
441,89,162,818,5646,1511,920,358,22,211,587,1140,68,17,47,634,46,4135,2995,744,0.267623096,0.339076826,0.450938718,0.790015543
443,93,162,795,5561,1509,1047,290,33,139,586,989,108,37,53,639,46,4052,3063,637,0.271354073,0.343900096,0.410357849,0.754257945
445,81,162,684,5544,1414,957,271,28,158,454,1094,116,23,63,517,39,4130,3036,680,0.255050505,0.316557377,0.399531025,0.716088402
447,80,161,624,5441,1319,886,257,22,154,470,1323,106,38,65,535,32,4122,2799,643,0.242418673,0.308588549,0.382650248,0.691238797
449,75,162,673,5497,1392,990,227,41,134,568,842,90,59,0,568,0,4105,3263,711,0.253229034,0.323165705,0.382572312,0.705738017
451,49,113,500,3918,1015,691,189,26,109,364,750,69,53,0,364,0,2903,2153,549,0.259060745,0.322045773,0.40403267,0.726078443
453,92,162,699,5469,1365,931,241,52,141,508,1071,87,54,0,508,0,4104,3033,600,0.24958859,0.31336791,0.390016456,0.703384367
455,70,144,668,4950,1345,978,231,20,116,447,872,124,46,0,447,0,3605,2733,672,0.271717172,0.332036316,0.396767677,0.728803993
457,81,163,628,5573,1400,985,260,48,107,454,1053,189,89,0,454,0,4173,3120,592,0.251211197,0.307615729,0.372689754,0.680305483
